Title,Titre,ID
Figure A-1: Baseline Disturbances in Regional Study Area – Sheet 1 of 12  ,Figure A-1 : Perturbations de référence dans la zone d’étude régionale - Feuille 1 sur 12  ,3892359_150
Figure A-2: Baseline Disturbances in Regional Study Area – Sheet 2 of 12,Figure A-2 : Perturbations de référence dans la zone d’étude régionale - Feuille 2 sur 12,3892359_151
Figure A-3: Baseline Disturbances in Regional Study Area – Sheet 3 of 12,Figure A-3 : Perturbations de référence dans la zone d’étude régionale - Feuille 3 sur 12,3892359_152
Figure A-4: Baseline Disturbances in Regional Study Area – Sheet 4 of 12,Figure A-4 : Perturbations de référence dans la zone d’étude régionale - Feuille 4 sur 12,3892359_153
Figure A-5: Baseline Disturbances in Regional Study Area – Sheet 5 of 12,Figure A-5 : Perturbations de référence dans la zone d’étude régionale - Feuille 5 sur 12,3892359_154
Figure A-6: Baseline Disturbances in Regional Study Area – Sheet 6 of 12,Figure A-6 : Perturbations de référence dans la zone d’étude régionale - Feuille 6 sur 12,3892359_155
Figure A-7: Baseline Disturbances in Regional Study Area – Sheet 7 of 12,Figure A-7 : Perturbations de référence dans la zone d’étude régionale - Feuille 7 sur 12,3892359_156
Figure A-8: Baseline Disturbances in Regional Study Area – Sheet 8 of 12,Figure A-8 : Perturbations de référence dans la zone d’étude régionale - Feuille 8 sur 12,3892359_157
Figure A-9: Baseline Disturbances in Regional Study Area – Sheet 9 of 12,Figure A-9 : Perturbations de référence dans la zone d’étude régionale - Feuille 9 sur 12,3892359_158
Figure A-10: Baseline Disturbances in Regional Study Area – Sheet 10 of 12,Figure A-10 : Perturbations de référence dans la zone d’étude régionale - Feuille 10 sur 12,3892359_159
Figure A-11: Baseline Disturbances in Regional Study Area – Sheet 11 of 12,Figure A-11 : Perturbations de référence dans la zone d’étude régionale - Feuille 11 sur 12,3892359_160
Figure A-12: Baseline Disturbances in Regional Study Area – Sheet 12 of 12 ,Figure A-12 : Perturbations de référence dans la zone d’étude régionale - Feuille 12 sur 12 ,3892359_161
Figure 1.  Proposed  South Peace Pipeline Project and stream crossing locations - south. ,Figure 1. Projet de pipeline South Peace proposé et emplacements des franchissements de cours d’eau – Sud ,500630_4
Figure 2.  Proposed  South Peace Pipeline Project and stream crossing locations - north. ,Figure 2. Projet de pipeline South Peace proposé et emplacements des franchissements de cours d’eau – Nord ,500630_5
Figure 9:  Surficial Geology in the General Area of the Proposed Pouce Coupe River Crossing (by GVM Geological Consultants) (Background is a 2007 aerial photograph.) (See Appendix 1 for a Terrain Legend)  ,Figure 9 : Géologie des dépôts meubles dans la zone générale du franchissement proposé de la rivière Pouce Coupé (par GVM Geological Consultants) (l’arrière-plan est une photo aérienne de 2007.) (Voir l’annexe 1 pour une légende du terrain)  ,555078_14
Figure 1 Groundbirch Pipeline Project Proposed Route - Alberta ,Figure 1 Tracé proposé pour le projet pipelinier Groundbirch - Alberta ,555099_25
Figure 1 Regional Overview of the Horn River Mainline Project ,Figure 1 Aperçu régional du projet de canalisation principale Horn River ,600509_28
Figure 1 Regional Location for the Proposed NGTL Horn River Mainline.  ,Figure 1 Emplacement régional de la canalisation principale Horn River proposée de NGTL.  ,600731_17
"Figure 3: Michael J. Asch 1981. Slavey. Handbook of North American Indians, Vol.6, Subarctic. Published by the Smithonian Institution, Washington D.C.   P. 338.","Figure 3 : Michael J. Asch 1981. Slavey. Handbook of North American Indians, Vol.6, Subarctic. Published by the Smithonian Institution, Washington D.C.   P. 338.",600881_29
Figure 4:  Patrick Moore and Angela Wheelock 1990 (editors). Wolverine Myths and Visions: Dene Traditions from Northern Alberta. Edmonton: University of Alberta Press. P. xv.,Figure 4 : Patrick Moore et Angela Wheelock 1990 (éditeurs). Wolverine Myths and Visions : Dene Traditions from Northern Alberta. Edmonton : University of Alberta Press. P. xv.,600881_30
Figure 11A-1 Pathways of Effects Summary – Fisheries and Oceans Canada ,Figure 11A-1 Résumé des parcours des effets – Pêches et Océans Canada ,620226_10
Figure 11A-11 Pathways of Effects – Structure Removal ,Figure 11A-11 Parcours des effets – Enlèvement de la structure ,620226_20
Figure 12-1: Locations of contiguous and non contiguous ROW locations for the ,Figure 12-1 : Emplacements des emprises contiguës et non contiguës pour ,684447_4
Figure A-1 BC MOE Kyklo Creek Section Area (40 km by 60 km) ,Figure A-Tronçon Kyklo Creek MOE C.-B. (40 km sur 60 km) ,684453_53
Figure 12-1: Locations of Contiguous and Non-Contiguous ROW for the  Komie North Section ,Figure 12-1 : Emplacements des emprises contiguës et non contiguës pour le tronçon Komie Nord ,729133_4
Figure 12-2: Locations of Contiguous and Non-Contiguous ROW for the  Chinchaga Section ,Figure 12-2 : Emplacements des emprises contiguës et non contiguës pour le tronçon Chinchaga ,729133_5
Figure D.9: Frequency of Modelled Pasquill-Gifford Stability Classes for Edmonton ,Figure D.9 : Fréquence des classes de stabilité Pasquill-Gifford modélisées pour Edmonton ,2393386_32
Figure D.10: Frequency of Modelled Pasquill-Gifford Stability Classes for Kamloops ,Figure D.10 : Fréquence des classes de stabilité Pasquill-Gifford modélisées pour Kamloops ,2393386_33
Figure D.11: Frequency of Modelled Pasquill-Gifford Stability Classes for Sumas  ,Figure D.11 : Fréquence des classes de stabilité Pasquill-Gifford modélisées pour Sumas  ,2393386_34
"Figure D.13: Modelled Wind Fields at 10 m Above Ground Level During Unstable, Neutral, and Stable Conditions at Edmonton",Figure D.13 : Champs de vent modélisés à 10 m au-dessus du sol en période d’instabilité,2393386_36
"Figure D.14: Modelled Wind Fields at 10 m Above Ground Level During Unstable, Neutral, and Stable Conditions at Kamloops",Figure D.14 : Champs de vent modélisés à 10 m au-dessus du sol en période d’instabilité,2393386_37
"Figure D.15: Modelled Wind Fields at 10 m Above Ground Level During Unstable, Neutral, and Stable Conditions at Sumas",Figure D.15 : Champs de vent modélisés à 10 m au-dessus du sol en période d’instabilité,2393386_38
"Figure D.16: Modelled Wind Fields at 10 m Above Ground Level During Unstable, Neutral, and Stable Conditions at Burnaby",Figure D.16 : Champs de vent modélisés à 10 m au-dessus du sol en période d’instabilité,2393386_39
"Figure D.17: Modelled Mixing Heights at Edmonton (Contour Lines, Labels in m) Overlaid on Top of Land Cover Characterization During Unstable, Neutral, and Stable Atmospheric Conditions","Figure D.17 : Hauteurs de mélange modélisées à Edmonton (lignes de contour, étiqueter en m) superposé au-dessus de la charactérisation de la couverture terrestre en périodes atmosphériques instables, neutres et stables",2393386_41
"Figure D.18: Modelled Mixing heights at Kamloops (Contour Lines, labels in m) Overlaid on Top of Land Cover Characterization During Unstable, Neutral, and Stable Atmospheric Conditions","Figure D.18 : Hauteurs de mélange modélisées à Kamloops (lignes de contour, étiqueter en m) superposé au-dessus de la charactérisation de la couverture terrestre en périodes atmosphériques instables, neutres et stables",2393386_42
"Figure D.19: Modelled Mixing Heights at Sumas (Contour Lines, labels in m) Overlaid on Top of Land Cover Characterization During Unstable, Neutral, and Stable Atmospheric Conditions","Figure D.19 : Hauteurs de mélange modélisées à Sumas (lignes de contour, étiqueter en m) superposé au-dessus de la charactérisation de la couverture terrestre en périodes atmosphériques instables, neutres et stables",2393386_43
"Figure D.20: Modelled Mixing Heights at Burnaby (Contour Lines, labels in m) Overlaid on Top of Land Cover Characterization During Unstable, Neutral, and Stable Atmospheric Conditions","Figure D.20 : Hauteurs de mélange modélisées à Edmonton (lignes de contour, étiqueter en m) superposé au-dessus de la charactérisation de la couverture terrestre en périodes atmosphériques instables, neutres et stables",2393386_44
Figure D.21: Diurnal Variation of Modelled Mixing Heights at Edmonton ,Figure D.21 : Variation diurne des hauteurs de mélange modélisées à Edmonton ,2393386_45
Figure D.22: Diurnal Variation of Modelled Mixing Heights at Kamloops ,Figure D.22 : Variation diurne des hauteurs de mélange modélisées à Kamloops ,2393386_46
Figure D.23: Diurnal Variation of Modelled Mixing Heights at Sumas ,Figure D.23 : Variation diurne des hauteurs de mélange modélisées à Sumas ,2393386_47
Figure D.25: Monthly Distribution of Modelled Precipitation at Edmonton  ,Figure D.25 : Distribution mensuelle des précipitations modélisées à Edmonton  ,2393386_49
Figure D.26: Comparison of Modelled Precipitation at Edmonton East with 2002-2006 Observations ,Figure D.26 : Comparaison des précipitations modélisées à Edmonton-Est avec les observations de 2002 à 2006 ,2393386_50
Figure D.27: Monthly Distribution of Modelled Precipitation at Kamloops  ,Figure D.27 : Distribution mensuelle des hauteurs de mélange modélisées à Kamloops  ,2393386_51
Figure D.28: Comparison of Modelled Precipitation with 2011 Observations and Climate Normal at Kamloops Airport   ,Figure D.28 : Comparaison des précipitations modélisées avec les observations de 2011 et la normale climatique à l’aéroport de Kamloops   ,2393386_52
Figure D.29: Monthly Distribution of Modelled Precipitation at Sumas  ,Figure D.29 : Distribution mensuelle des précipitations modélisées à Sumas  ,2393386_53
Figure D.30: Comparison of Modelled Precipitation with 2011 Observations and Climate Normal at Abbotsford Airport  ,Figure D.30 : Comparaison des précipitations modélisées avec les observations de 2011 et la normale climatique à l’aéroport d’Abbotsford  ,2393284_1
Figure D.32: Comparison of Modelled Precipitation at Burmount with 2011 Observations and Climate Normal at Vancouver International Airport  ,Figure D.32 : Comparaison des précipitations modélisées à Burmount avec les observations de 2011 et la normale climatique à l’aéroport international de Vancouver  ,2393284_3
Figure E 1: Seasonal Variation of 24-Hour PM10 Concentrations (µg/m3) at Edmonton South  ,Figure E 1 : Variation saisonnière des concentrations de PM10 sur 24 heures (µg/m3) à Edmonton Sud  ,2393284_8
Figure E 3:  Seasonal Variation of 24-Hour PM10 Concentrations (µg/m3) at Edmonton Northwest ,Figure E 3 : Variation saisonnière des concentrations de PM10 sur 24 heures (µg/m3) à Edmonton Nord-Ouest ,2393284_9
Figure E 5:  Seasonal Variation of 1-Hour PM2.5 Concentrations (µg/m3) at Edmonton East ,"Figure E 5 : Variation saisonnière des concentrations de PM2,5 sur une heure (µg/m3) à Edmonton Est ",2393284_10
Figure E 7:  Seasonal Variation of 1-Hour PM2.5 Concentrations (µg/m3) at Edmonton Central ,Figure E 7 : Variation saisonnière des concentrations de PM2.5 sur une heure (µg/m3) à Edmonton Centre ,2393284_11
Figure E 9:  Seasonal Variation of 1-Hour PM2.5 Concentrations (µg/m3) at Edmonton McIntyre ,Figure E 9 : Variation saisonnière des concentrations de PM2.5 sur une heure (µg/m3) à Edmonton McIntyre ,2393284_12
Figure E 11: Seasonal Variation of 1-Hour PM2.5 Concentrations (µg/m3) at Edmonton South ,Figure E 11 : Variation saisonnière des concentrations de PM2.5 sur une heure (µg/m3) à Edmonton Sud ,2393284_13
Figure E 13:  Seasonal Variation of 1-Hour PM2.5 Concentrations (µg/m3) at Edmonton Northwest ,Figure E 13 : Variation saisonnière des concentrations de PM2.5 sur une heure (µg/m3) à Edmonton Nord-Ouest ,2393284_14
Figure E 15:  Seasonal Variation of 1-Hour PM2.5 Concentrations (µg/m3) at Fort Saskatchewan ,"Figure E 15 : Variation saisonnière des concentrations de PM2,5 sur une heure (µg/m3) à Fort Saskatchewan ",2393284_15
Figure E 17:  Seasonal Variation of 1-Hour CO Concentrations (µg/m3) at Edmonton East ,Figure E 17 : Variation saisonnière des concentrations de CO sur une heure (µg/m3) à Edmonton Est ,2393284_16
Figure E 19:  Seasonal Variation of 1-Hour CO Concentrations (µg/m3) at Edmonton Central ,Figure E 19 : Variation saisonnière des concentrations de CO sur une heure (µg/m3) à Edmonton Centre ,2393284_17
Figure E 21: Seasonal Variation of 1-Hour CO Concentrations (µg/m3) at Edmonton South ,Figure E 21 : Variation saisonnière des concentrations de CO sur une heure (µg/m3) à Edmonton Sud ,2393284_18
Figure E 23:  Seasonal Variation of 1-Hour CO Concentrations (µg/m3) at Edmonton Northwest ,Figure E 23 : Variation saisonnière des concentrations de CO sur une heure (µg/m3) à Edmonton Nord-Ouest ,2393284_19
Figure E 25:  Seasonal Variation of 1-Hour CO Concentrations (µg/m3) at Fort Saskatchewan ,Figure E 25 : Variation saisonnière des concentrations de CO sur une heure (µg/m3) à Fort Saskatchewan ,2393284_20
Figure E 27:  Seasonal Variation of 1-Hour NO2 Concentrations (µg/m3) at Edmonton East ,Figure E 27 : Variation saisonnière des concentrations de NO2 sur une heure (µg/m3) à Edmonton Est ,2393284_21
Figure E 29:  Seasonal Variation of 1-Hour NO2 Concentrations (µg/m3) at Edmonton Central ,Figure E 29 : Variation saisonnière des concentrations de NO2 sur une heure (µg/m3) à Edmonton Centre ,2393284_22
Figure E 31:  Seasonal Variation of 1-Hour NO2 Concentrations (µg/m3) at Edmonton South ,Figure E 31 : Variation saisonnière des concentrations de NO2 sur une heure (µg/m3) à Edmonton Sud ,2393284_23
Figure E 33:  Seasonal Variation of 1-Hour NO2 Concentrations (µg/m3) at Edmonton Northwest ,Figure E 33 : Variation saisonnière des concentrations de NO2 sur une heure (µg/m3) à Edmonton Nord-Ouest ,2393284_24
Figure E 35:  Seasonal Variation of 1-Hour NO2 Concentrations (µg/m3) at Fort Saskatchewan ,Figure E 35 : Variation saisonnière des concentrations de NO2 sur une heure (µg/m3) à Fort Saskatchewan ,2393284_25
Figure E 37:  Seasonal Variation of 1-Hour SO2 Concentrations (µg/m3) at Edmonton East ,Figure E 37 : Variation saisonnière des concentrations de SO2 sur une heure (µg/m3) à Edmonton Est ,2393284_26
Figure E 39:  Seasonal Variation of 1-Hour SO2 Concentrations (µg/m3) at Edmonton South ,Figure E 39 : Variation saisonnière des concentrations de SO2 sur une heure (µg/m3) à Edmonton Sud ,2393284_27
Figure E 41:  Seasonal Variation of 1-Hour SO2 Concentrations (µg/m3) at Fort Saskatchewan ,Figure E 41 : Variation saisonnière des concentrations de SO2 sur une heure (µg/m3) à Fort Saskatchewan ,2393284_28
Figure E 43:  Seasonal Variation of 1-Hour SO2 Concentrations (µg/m3) at Sherwood Park ,Figure E 43 : Variation saisonnière des concentrations de SO2 sur une heure (µg/m3) à Sherwood Park ,2393284_29
Figure E 45: Seasonal Variation of 24-hour PM10 Concentrations (µg/m3) at Tomahawk ,Figure E 45 : Variation saisonnière des concentrations de PM10 sur 24 heures (µg/m3) à Tomahawk ,2393284_30
Figure E 47: Seasonal Variation of 1-hour PM2.5 Concentrations (µg/m3) at Power  ,Figure E 47 : Variation saisonnière des concentrations de PM2.5 sur une heure (µg/m3) à Power  ,2393284_31
Figure E 49:  Seasonal Variation of 1-hour PM2.5 Concentrations (µg/m3) at Tomahawk  ,Figure E 49 : Variation saisonnière des concentrations de PM2.5 sur 1 heure (µg/m3) à Tomahawk  ,2393284_32
Figure E 51:  Seasonal Variation of 1-hour NO2 Concentrations (µg/m3) at Meadows ,Figure E 51 : Variation saisonnière des concentrations de NO2 sur une heure (µg/m3) à Meadows ,2393284_33
Figure E 53:  Seasonal Variation of 1-hour NO2 Concentrations (µg/m3) at Power  ,Figure E 53 : Variation saisonnière des concentrations de NO2 sur une heure (µg/m3) à Power  ,2393284_34
Figure E 55:  Seasonal Variation of 1-hour NO2 Concentrations (µg/m3) at Wagner ,Figure E 55 : Variation saisonnière des concentrations de NO2 sur une heure (µg/m3) à Wagner ,2393284_35
Figure E 57:  Seasonal Variation of 1-hour NO2 Concentrations (µg/m3) at Wagner 2 ,Figure E 57 : Variation saisonnière des concentrations de NO2 sur une heure (µg/m3) à Wagner 2 ,2393284_36
Figure E 59:  Seasonal Variation of 1-hour NO2 Concentrations (µg/m3) at Tomahawk  ,Figure E 59 : Variation saisonnière des concentrations de NO2 sur 1 heure (µg/m3) à Tomahawk  ,2393284_37
Figure E 61:  Seasonal Variation of 1-hour SO2 Concentrations (µg/m3) at Meadows  ,Figure E 61 : Variation saisonnière des concentrations de SO2 sur une heure (µg/m3) à Meadows  ,2393284_38
Figure E 63:  Seasonal Variation of 1-hour SO2 Concentrations (µg/m3) at Power ,Figure E 63 : Variation saisonnière des concentrations de SO2 sur une heure (µg/m3) à Power ,2393284_39
Figure E 65:  Seasonal Variation of 1-hour SO2 Concentrations (µg/m3) at Wagner ,Figure E 65 : Variation saisonnière des concentrations de SO2 sur une heure (µg/m3) à Wagner ,2393284_40
Figure E 67:  Seasonal Variation of 1-hour SO2 Concentrations (µg/m3) at Wagner 2  ,Figure E 67 : Variation saisonnière des concentrations de SO2 sur une heure (µg/m3) à Wagner 2  ,2393284_41
Figure E 69:  Seasonal Variation of 1-hour SO2 Concentrations (µg/m3) Tomahawk ,Figure E 69 : Variation saisonnière des concentrations de SO2 sur une heure (µg/m3) à Tomahawk ,2393284_42
Figure E 71: Seasonal Variation of 1-hour PM2.5 Concentrations (µg/m3) at Edson ,Figure E 71 : Variation saisonnière des concentrations de PM2.5 sur une heure (µg/m3) à Edson ,2393284_43
Figure E 73:  Seasonal Variation of 1-hour NO2 Concentrations (µg/m3) at Carrot Creek  ,Figure E 73 : Variation saisonnière des concentrations de NO2 sur une heure (µg/m3) à Carrot Creek  ,2393284_44
Figure E 75:  Seasonal Variation of 1-hour SO2 Concentrations (µg/m3) at Edson ,Figure E 75 : Variation saisonnière des concentrations de SO2 sur une heure (µg/m3) à Edson ,2393284_45
Figure E 77: Seasonal Variation of 1-hour SO2 Concentrations (µg/m3) at Carrot Creek ,Figure E 77 : Variation saisonnière des concentrations de SO2 sur une heure (µg/m3) à Carrot Creek ,2393284_46
Figure E 79:  Seasonal Variation of 24-hour PM10 Concentrations (µg/m3) at Hinton ,Figure E 79 : Variation saisonnière des concentrations de PM10 sur 24 heures (µg/m3) à Hinton ,2393284_47
Figure E 81: Seasonal Variation of 24-hour PM10 Concentrations (µg/m3) at Steeper ,Figure E 81 : Variation saisonnière des concentrations de PM10 sur 24 heures (µg/m3) à Steeper ,2393284_48
Figure E 83:  Seasonal Variation of 24-hour PM10 Concentrations (µg/m3) at Hightower Ridge ,Figure E 83 : Variation saisonnière des concentrations de PM10 sur 24 heures (µg/m3) à Hightower Ridge ,2393284_49
Figure E 85:  Seasonal Variation of 1-hour PM2.5 Concentrations (µg/m3) at Hinton  ,Figure E 85 : Variation saisonnière des concentrations de PM2.5 sur 1 heures (µg/m3) à Hinton  ,2393284_50
Figure E 87:  Seasonal Variation of 1-hour PM2.5 Concentrations (µg/m3) at Steeper ,Figure E 87 : Variation saisonnière des concentrations de PM2.5 sur une heure (µg/m3) à Steeper ,2393284_51
Figure E 89:  Seasonal Variation of 1-hour PM2.5 Concentrations (µg/m3) at Hightower Ridge  ,Figure E 89 : Variation saisonnière des concentrations de PM2.5 sur 1 heures (µg/m3) à Hightower Ridge  ,2393284_52
Figure E 91: Seasonal Variation of 1-hour NO2 Concentrations (µg/m3) at Steeper  ,Figure E 91 : Variation saisonnière des concentrations de NO2 sur 1 heures (µg/m3) à Steeper  ,2393284_53
Figure E 93:  Seasonal Variation of 1-hour NO2 Concentrations (µg/m3) at Hightower Ridge  ,Figure E 93 : Variation saisonnière des concentrations de NO2 sur 1 heures (µg/m3) à Hightower Ridge  ,2393387_1
Figure E 95:  Seasonal Variation of 1-hour SO2 Concentrations (µg/m3) at Steeper  ,Figure E 95 : Variation saisonnière des concentrations de SO2 sur une heure (µg/m3) à Steeper  ,2393387_2
Figure E 97:  Seasonal Variation of 1-hour SO2 Concentrations (µg/m3) at Hightower Ridge ,Figure E 97 : Variation saisonnière des concentrations de SO2 sur 1 heures (µg/m3) à Hightower Ridge ,2393387_3
Figure E 99:  Seasonal Variation of 24-hour PM10 Concentrations (µg/m3) at Kamloops   ,Figure E 99 : Variation saisonnière des concentrations de PM10 sur 24 heures (µg/m3) à Kamloops   ,2393387_4
Figure E 101: Seasonal Variation of 24-hour PM2.5 Concentrations (µg/m3) at Kamloops ,Figure E 101 : Variation saisonnière des concentrations de PM2.5 sur 24 heures (µg/m3) à Kamloops ,2393387_5
Figure E 103:  Seasonal Variation of 1-hour CO Concentrations (µg/m3) at Kamloops  ,Figure E 103 : Variation saisonnière des concentrations de PM2.5 sur une heure (µg/m3) à Kamloops  ,2393387_6
Figure E 105: Seasonal Variation of 1-hour NO2 Concentrations (µg/m3) at Kamloops  ,Figure E 105 : Variation saisonnière des concentrations de NO2 sur 1 heures (µg/m3) à Kamloops  ,2393387_7
Figure E 107:  Seasonal Variation of 1-hour SO2 Concentrations (µg/m3) at Kamloops  ,Figure E 107 : Variation saisonnière des concentrations de SO2 sur 1 heures (µg/m3) à Kamloops  ,2393387_8
Figure E 109:  Seasonal Variation of 24-hour PM10 Concentrations (µg/m3) at Hope Airport  ,Figure E 109 : Variation saisonnière des concentrations de PM10 sur 24 heures (µg/m3) à l’aéroport de Hope  ,2393387_9
Figure E 111: Seasonal Variation of 24-hour PM2.5 Concentrations (µg/m3) at Hope Airport ,Figure E 111 : Variation saisonnière des concentrations de PM2.5 sur 24 heures (µg/m3) à l’aéroport de Hope ,2393387_10
Figure E 113: Seasonal Variation of 1-hour CO Concentrations (µg/m3) at Hope Airport   ,Figure E 113 : Variation saisonnière des concentrations de CO sur une heure (µg/m3) à l’aéroport de Hope   ,2393387_11
Figure E 115:  Seasonal Variation of 1-hour NO2 Concentrations (µg/m3) at Hope Airport  ,Figure E 115 : Variation saisonnière des concentrations de NO2 sur 1 heures (µg/m3) à l’aéroport de Hope  ,2393387_12
Figure E 117: Seasonal Variation of 24-hour PM10 Concentrations (µg/m3) at Chilliwack Airport ,Figure E 117 : Variation saisonnière des concentrations de PM10 sur 24 heures (µg/m3) à l’aéroport de Chilliwack ,2393387_13
Figure E 119:  Seasonal Variation of 24-hour PM2.5 Concentrations (µg/m3) at Chilliwack Airport  ,Figure E 119 : Variation saisonnière des concentrations de PM2.5 sur 24 heures (µg/m3) à l’aéroport de Chilliwack  ,2393387_14
Figure E 121:  Seasonal Variation of 1-hour CO Concentrations (µg/m3) at Chilliwack Airport ,Figure E 121 : Variation saisonnière des concentrations de CO sur une heure (µg/m3) à l’aéroport de Chilliwack ,2393387_15
Figure E 123:  Seasonal Variation of 1-hour NO2 Concentrations (µg/m3) at Chilliwack Airport ,Figure E 123 : Variation saisonnière des concentrations de NO2 sur 1 heures (µg/m3) à l’aéroport de Chilliwack ,2393387_16
Figure E 125: Seasonal Variation of 1-hour SO2 Concentrations (µg/m3) at Chilliwack Airport  ,Figure E 125 : Variation saisonnière des concentrations de SO2 sur 1 heures (µg/m3) à l’aéroport de Chilliwack  ,2393387_17
Figure E 127:  Seasonal Variation of 24-hour PM10 Concentrations (µg/m3) at Abbotsford Central ,Figure E 127 : Variation saisonnière des concentrations de PM10 sur 24 heures (µg/m3) à Abbotsford Centre ,2393387_18
Figure E 129:  Seasonal Variation of 24-hour PM2.5 Concentrations (µg/m3) at Abbotsford Airport ,Figure E 129 : Variation saisonnière des concentrations de PM2.5 sur 24 heures (µg/m3) à l’aéroport d’Abbotsford ,2393387_19
Figure E 131:  Seasonal Variation of 1-hour CO Concentrations (µg/m3) at Abbotsford Central ,Figure E 131 : Variation saisonnière des concentrations de CO sur une heure (µg/m3) à Abbotsford Centre ,2393387_20
Figure E 133:  Seasonal Variation of 1-hour NO2 Concentrations (µg/m3) at Abbotsford Airport ,Figure E 133 : Variation saisonnière des concentrations de NO2 sur 1 heures (µg/m3) à l’aéroport d’Abbotsford ,2393387_21
Figure E 135: Seasonal Variation of 1-hour NO2 Concentrations (µg/m3) at Abbotsford Central ,Figure E 135 : Variation saisonnière des concentrations de NO2 sur une heure (µg/m3) à Abbotsford Centre ,2393387_22
Figure E 137: Seasonal Variation of 1-hour SO2 Concentrations (µg/m3) at Abbotsford Airport  ,Figure E 137 : Variation saisonnière des concentrations de SO2 sur une heure (µg/m3) à l’aéroport d’Abbotsford  ,2393387_23
Figure E 139:  Seasonal Variation of 1-hour SO2 Concentrations (µg/m3) at Abbotsford Central ,Figure E 139 : Variation saisonnière des concentrations de SO2 sur 1 heures (µg/m3) à Abbotsford Centre ,2393387_24
Figure E 141:  Seasonal Variation of 24-hour PM10 Concentrations (µg/m3) at Burnaby North  ,Figure E 141 : Variation saisonnière des concentrations de PM10 sur 24 heures (µg/m3) à Burnaby Nord  ,2393387_25
Figure E 143:  Seasonal Variation of 24-hour PM10 Concentrations (µg/m3) at Burnaby Kensington Park ,Figure E 143 : Variation saisonnière des concentrations de PM10 sur 24 heures (µg/m3) à Burnaby Kensington Park ,2393387_26
Figure E 145:  Seasonal Variation of 24-hour PM10 Concentrations (µg/m3) at Port Moody ,Figure E 145 : Variation saisonnière des concentrations de PM10 sur 24 heures (µg/m3) à Port Moody ,2393387_27
Figure E 147:  Seasonal Variation of 24-hour PM10 Concentrations (µg/m3) at North Vancouver Mahon ,Figure E 147 : Variation saisonnière des concentrations de PM10 sur 24 heures (µg/m3) à Vancouver Mahon ,2393387_28
Figure E 149:  Seasonal Variation of 24-hour PM10 Concentrations (µg/m3) at Burnaby South  ,Figure E 149 : Variation saisonnière des concentrations de PM10 sur 24 heures (µg/m3) à Burnaby Sud  ,2393387_29
Figure E 151:  Seasonal Variation of 24-hour PM2.5 Concentrations (µg/m3) at Burnaby Kensington Park ,Figure E 151 : Variation saisonnière des concentrations de PM2.5 sur 24 heures (µg/m3) à Burnaby Kensington Park ,2393387_30
Figure E 153:  Seasonal Variation of 24-hour PM2.5 Concentrations (µg/m3) at Port Moody ,Figure E 153 : Variation saisonnière des concentrations de PM2.5 sur 24 heures (µg/m3) à Port Moody ,2393387_31
Figure E 155:  Seasonal Variation of 24-hour PM2.5 Concentrations (µg/m3) at Second Narrows ,Figure E 155 : Variation saisonnière des concentrations de PM2.5 sur 24 heures (µg/m3) à Second Narrows ,2393387_32
Figure E 157:  Seasonal Variation of 24-hour PM2.5 Concentrations (µg/m3) at Burnaby South ,Figure E 157 : Variation saisonnière des concentrations de PM2.5 sur 24 heures (µg/m3) à Burnaby Sud ,2393387_33
Figure E 159:  Seasonal Variation of 1-hour CO Concentrations (µg/m3) at Burnaby Kensington Park  ,Figure E 159 : Variation saisonnière des concentrations de CO sur une heure (µg/m3) à Burnaby Kensington Park  ,2393387_34
Figure E 161:  Seasonal Variation of 1-hour CO Concentrations (µg/m3) at Port Moody ,Figure E 161 : Variation saisonnière des concentrations de CO sur une heure (µg/m3) à Port Moody ,2393387_35
Figure E 163:  Seasonal Variation of 1-hour CO Concentrations (µg/m3) at Coquitlam ,Figure E 163 : Variation saisonnière des concentrations de CO sur une heure (µg/m3) à Coquitlam ,2393387_36
Figure E 165:  Seasonal Variation of 1-hour CO Concentrations (µg/m3) at North Vancouver Mahon Park ,Figure E 165 : Variation saisonnière des concentrations de CO sur une heure (µg/m3) à Vancouver Mahon Park ,2393387_37
Figure E 167:  Seasonal Variation of 1-hour CO Concentrations (µg/m3) at Second Narrows ,Figure E 167 : Variation saisonnière des concentrations de CO sur une heure (µg/m3) à Second Narrows ,2393387_38
Figure E 169: Seasonal Variation of 1-hour CO Concentrations (µg/m3) at Burnaby South  ,Figure E 169 : Variation saisonnière des concentrations de CO sur une heure (µg/m3) à Burnaby Sud  ,2393387_39
Figure E 171:  Seasonal Variation of 1-hour NO2 Concentrations (µg/m3) at Burnaby Kensington Park  ,Figure E 171 : Variation saisonnière des concentrations de NO2 sur 1 heures (µg/m3) à Burnaby Kensington Park  ,2393387_40
Figure E 173: Seasonal Variation of 1-hour NO2 Concentrations (µg/m3) at Port Moody ,Figure E 173 : Variation saisonnière des concentrations de NO2 sur une heure (µg/m3) à Port Moody ,2393387_41
Figure E 175: Seasonal Variation of 1-hour NO2 Concentrations (µg/m3) at Coquitlam ,Figure E 175 : Variation saisonnière des concentrations de NO2 sur une heure (µg/m3) à Coquitlam ,2393387_42
Figure E 177:  Seasonal Variation of 1-hour NO2 Concentrations (µg/m3) at North Vancouver Mahon Park ,Figure E 177 : Variation saisonnière des concentrations de NO2 sur une heure (µg/m3) à Vancouver Mahon Park ,2393387_43
Figure E 179: Seasonal Variation of 1-hour NO2 Concentrations (µg/m3) at Second Narrows  ,Figure E 179 : Variation saisonnière des concentrations de NO2 sur une heure (µg/m3) à Second Narrows  ,2393387_44
Figure E 181:  Seasonal Variation of 1-hour NO2 Concentrations (µg/m3) at Burnaby South ,Figure E 181 : Variation saisonnière des concentrations de NO2 sur 1 heures (µg/m3) à Burnaby Sud ,2393387_45
Figure E 183: Seasonal Variation of 1-hour SO2 Concentrations (µg/m3) at North Burnaby Capitol Hill  ,Figure E 183 : Variation saisonnière des concentrations de SO2 sur une heure (µg/m3) à Burnaby Capitol Hill  ,2393387_46
Figure E 185: Seasonal Variation of 1-hour SO2 Concentrations (µg/m3) at Burnaby North Eton ,Figure E 185 : Variation saisonnière des concentrations de SO2 sur une heure (µg/m3) à Burnaby North Eton ,2393387_47
Figure E 187:  Seasonal Variation of 1-hour SO2 Concentrations (µg/m3) at Burnaby Kensington Park  ,Figure E 187 : Variation saisonnière des concentrations de SO2 sur 1 heures (µg/m3) à Burnaby Kensington Park  ,2393387_48
Figure E 189: Seasonal Variation of 1-hour SO2 Concentrations (µg/m3) at Port Moody ,Figure E 189 : Variation saisonnière des concentrations de SO2 sur une heure (µg/m3) à Port Moody ,2393387_49
Figure E 191:  Seasonal Variation of 1-hour SO2 Concentrations (µg/m3) at North Vancouver Mahon Park ,Figure E 191 : Variation saisonnière des concentrations de SO2 sur une heure (µg/m3) à Vancouver Mahon Park ,2393387_50
Figure E 193:  Seasonal Variation of 1-hour SO2 Concentrations (µg/m3) at Second Narrows ,Figure E 193 : Variation saisonnière des concentrations de SO2 sur 1 heures (µg/m3) à Second Narrows ,2393387_51
Figure E 195: Seasonal Variation of 1-hour SO2 Concentrations (µg/m3) at Burnaby South  ,Figure E 195 : Variation saisonnière des concentrations de SO2 sur une heure (µg/m3) à Burnaby Sud  ,2393387_52
Figure E 197: Seasonal Variation of BTEX Concentrations (µg/m3) at Edmonton East  ,Figure E 197 : Variation saisonnière des concentrations de BTEX (µg/m3) à Edmonton Est  ,2393387_53
Figure E 201: Seasonal Variation of BTEX Concentrations (µg/m3) at Hope Airport ,Figure E 201 : Variation saisonnière des concentrations de BTEX (µg/m3) à l’aéroport de Hope ,2393183_2
Figure E 205: Seasonal Variation of 1-Hour H2S Concentrations (µg/m3) at Edmonton East ,Figure E 205 : Variation saisonnière des concentrations de H2S sur une heure (µg/m3) à Edmonton Est ,2393183_5
Figure E 207:  Seasonal Variation of 1-hour H2S Concentrations (µg/m3) at Fort Saskatchewan  ,Figure E 207 : Variation saisonnière des concentrations de H2S sur une heure (µg/m3) à Fort Saskatchewan  ,2393183_6
Figure E 209:  Seasonal Variation of 1-hour H2S Concentrations (µg/m3) at Sherwood Park  ,Figure E 209 : Variation saisonnière des concentrations de H2S sur une heure (µg/m3) à Sherwood Park  ,2393183_7
Figure E 211:  Seasonal Variation of 1-hour TRS Concentrations (µg/m3) at Hinton ,Figure E 211 : Variation saisonnière des concentrations de TRS sur une heure (µg/m3) à Hinton ,2393183_8
Figure E 213:  Seasonal Variation of 1-hour TRS Concentrations (µg/m3) at Burmount ,Figure E 213 : Variation saisonnière des concentrations de TRS sur une heure (µg/m3) à Burmount ,2393183_9
Figure E 215:  Seasonal Variation of 1-hour TRS Concentrations (µg/m3) at North Burnaby Capitol Hill  ,Figure E 215 : Variation saisonnière des concentrations de TRS sur une heure (µg/m3) à Burnaby Capitol Hill  ,2393183_10
Figure E 217:  Seasonal Variation of 1-hour TRS Concentrations (µg/m3) at Burnaby North Eton ,Figure E 217 : Variation saisonnière des concentrations de TRS sur une heure (µg/m3) à Burnaby North Eton ,2393183_11
Figure E 219:  Seasonal Variation of 1-hour TRS Concentrations (µg/m3) at Burnaby Kensington Park ,Figure E 219 : Variation saisonnière des concentrations de TRS sur une heure (µg/m3) à Burnaby Kensington Park ,2393183_12
Figure E 221:  Seasonal Variation of 1-hour TRS Concentrations (µg/m3) at Port Moody ,Figure E 221 : Variation saisonnière des concentrations de TRS sur une heure (µg/m3) à Port Moody ,2393183_13
Figure E 223:  Seasonal Variation of 1-Hour Ozone Concentrations (ppb) at Edmonton East ,Figure E 223 : Variation saisonnière des concentrations d’ozone (ppb) sur une heure à Edmonton Est ,2393183_14
Figure E 225:  Seasonal Variation of 1-Hour Ozone Concentrations (ppb) at Edmonton Central ,Figure E 225 : Variation saisonnière des concentrations d’ozone (ppb) sur une heure à Edmonton Centre ,2393183_15
Figure E 227:  Seasonal Variation of 1-Hour Ozone Concentrations (ppb) at Edmonton South ,Figure E 227 : Variation saisonnière des concentrations d’ozone (ppb) sur une heure à Edmonton Sud ,2393183_16
Figure E 229:  Seasonal Variation of 1-Hour Ozone Concentrations (ppb) at Edmonton Northwest ,Figure E 229 : Variation saisonnière des concentrations d’ozone (ppb) sur une heure à Edmonton Est ,2393183_17
Figure E 231:  Seasonal Variation of 1-hour Ozone Concentrations (ppb) at Fort Saskatchewan  ,Figure E 231 : Variation saisonnière des concentrations d’ozone (ppb) sur une heure à Fort Saskatchewan  ,2393183_18
Figure E 233:  Seasonal Variation of 1-hour Ozone Concentrations (ppb) at Tomahawk ,Figure E 233 : Variation saisonnière des concentrations d’ozone (ppb) sur une heure à Tomahawk ,2393183_19
Figure E 235:  Seasonal Variation of 1-hour Ozone Concentrations (ppb) at Carrot Creek  ,Figure E 235 : Variation saisonnière des concentrations d’ozone (ppb) sur une heure à Carrot Creek  ,2393183_20
Figure E 237:  Seasonal Variation of 1-hour Ozone Concentrations (ppb) at Steeper  ,Figure E 237 : Variation saisonnière des concentrations d’ozone (ppb) sur une heure à Steeper  ,2393183_21
Figure E 239: Seasonal Variation of 1-hour Ozone Concentrations (ppb) at Hightower Ridge ,Figure E 239 : Variation saisonnière des concentrations d’ozone (ppb) sur une heure à Hightower Ridge ,2393183_22
Figure E 241: Seasonal Variation of 1-hour Ozone Concentrations (ppb) at Kamloops ,Figure E 241 : Variation saisonnière des concentrations d’ozone (ppb) sur une heure à Kamloops ,2393183_23
Figure E 243:  Seasonal Variation of 1-hour Ozone Concentrations (ppb) at Hope Airport ,Figure E 243 : Variation saisonnière des concentrations d’ozone (ppb) sur une heure à l’aéroport de Hope ,2393183_24
Figure E 245:  Seasonal Variation of 1-hour Ozone Concentrations (ppb) at Chilliwack Airport  ,Figure E 245 : Variation saisonnière des concentrations d’ozone (ppb) sur une heure à l’aéroport de Chilliwack  ,2393183_25
Figure E 247: Seasonal Variation of 1-hour Ozone Concentrations (ppb) at Abbotsford Airport ,Figure E 247 : Variation saisonnière des concentrations d’ozone (ppb) sur une heure à l’aéroport d’Abbortsford ,2393183_26
Figure E 249: Seasonal Variation of 1-hour Ozone Concentrations (ppb) at Abbotsford Central ,Figure E 249 : Variation saisonnière des concentrations d’ozone (ppb) sur une heure à Abbotsford Centre ,2393183_27
Figure E 251: Seasonal Variation of 1-hour Ozone Concentrations (ppb) at Burnaby Kensington Park  ,Figure E 251 : Variation saisonnière des concentrations d’ozone (ppb) sur une heure à Burnaby Kensington Park  ,2393183_28
Figure E 253:  Seasonal Variation of 1-hour Ozone Concentrations (ppb) at Port Moody  ,Figure E 253 : Variation saisonnière des concentrations d’ozone (ppb) sur une heure à Port Moody  ,2393183_29
Figure E 255:  Seasonal Variation of 1-hour Ozone Concentrations (ppb) at Coquitlam  ,Figure E 255 : Variation saisonnière des concentrations d’ozone (ppb) sur une heure à Coquitlam  ,2393183_30
Figure E 257:  Seasonal Variation of 1-hour Ozone Concentrations (ppb) at North Vancouver Mahon Park ,Figure E 257 : Variation saisonnière des concentrations d’ozone (ppb) sur une heure à Vancouver Mahon Park ,2393183_31
Figure E 259:  Seasonal Variation of 1-hour Ozone Concentrations (ppb) at Second Narrows  ,Figure E 259 : Variation saisonnière des concentrations d’ozone (ppb) sur une heure à Second Narrows  ,2393183_32
Figure E 261: Seasonal Variation of 1-hour Ozone Concentrations (ppb) at Burnaby South ,Figure E 261 : Variation saisonnière des concentrations d’ozone (ppb) sur une heure à Burnaby Sud ,2393183_33
FIGURE 5.1 PROPOSED CROSSINGS OFFISH-BEARING HABITAT -EDMONTON TO HINTON,"FIGURE 5.1 FRANCHISSEMENTS PROPOSÉS HORS D’HABITAT OÙ VIVENT DES POISSONS, D’EDMONTON À HINTON",2393185_43
FIGURE 5.2 PROPOSED CROSSINGS OFNONFISH-BEARING HABITAT -EDMONTON TO HINTON,"FIGURE 5.2 FRANCHISSEMENTS PROPOSÉS HORS D’HABITATS OÙ VIVENT DES POISSONS, D’EDMONTON À HINTON",2393185_44
FIGURE A3 WETLAND DELINEATION - BLACK PINES TO HOPE,FIGURE A3 DÉLIMITATION DES MILIEUX HUMIDES - DE BLACK PINES À HOPE,2392912_1
FIGURE A3 WETLAND DELINEATION - BLACK PINES TO HOPE,FIGURE A3 DÉLIMITATION DES MILIEUX HUMIDES - DE BLACK PINES À HOPE,2392912_2
FIGURE A3 WETLAND DELINEATION - BLACK PINES TO HOPE,FIGURE A3 DÉLIMITATION DES MILIEUX HUMIDES - DE BLACK PINES À HOPE,2392912_3
FIGURE A3 WETLAND DELINEATION - BLACK PINES TO HOPE,FIGURE A3 DÉLIMITATION DES MILIEUX HUMIDES - DE BLACK PINES À HOPE,2392912_4
FIGURE A3 WETLAND DELINEATION - BLACK PINES TO HOPE,FIGURE A3 DÉLIMITATION DES MILIEUX HUMIDES - DE BLACK PINES À HOPE,2392912_5
FIGURE A3 WETLAND DELINEATION - BLACK PINES TO HOPE,FIGURE A3 DÉLIMITATION DES MILIEUX HUMIDES - DE BLACK PINES À HOPE,2392912_6
FIGURE A3 WETLAND DELINEATION - BLACK PINES TO HOPE,FIGURE A3 DÉLIMITATION DES MILIEUX HUMIDES - DE BLACK PINES À HOPE,2392912_7
FIGURE A3 WETLAND DELINEATION - BLACK PINES TO HOPE,FIGURE A3 DÉLIMITATION DES MILIEUX HUMIDES - DE BLACK PINES À HOPE,2392912_8
"FIGURE 2 RARE PLANT, LICHEN AND ECOLOGICAL COMMUNITY OBSERVATIONS","FIGURE 2 PLANTE RARE, LICHEN ET OBSERVATIONS DE LA COMMUNAUTÉ ÉCOLOGIQUE",2393490_3
"FIGURE 2 RARE PLANT, LICHEN AND ECOLOGICAL COMMUNITY OBSERVATIONS","FIGURE 2 PLANTE RARE, LICHEN ET OBSERVATIONS DE LA COMMUNAUTÉ ÉCOLOGIQUE",2393490_4
"FIGURE 2 RARE PLANT, LICHEN AND ECOLOGICAL COMMUNITY OBSERVATIONS","FIGURE 2 PLANTE RARE, LICHEN ET OBSERVATIONS DE LA COMMUNAUTÉ ÉCOLOGIQUE",2393490_5
"FIGURE 2 RARE PLANT, LICHEN AND ECOLOGICAL COMMUNITY OBSERVATIONS","FIGURE 2 PLANTE RARE, LICHEN ET OBSERVATIONS DE LA COMMUNAUTÉ ÉCOLOGIQUE",2392914_1
"FIGURE 2 RARE PLANT, LICHEN AND ECOLOGICAL COMMUNITY OBSERVATIONS","FIGURE 2 PLANTE RARE, LICHEN ET OBSERVATIONS DE LA COMMUNAUTÉ ÉCOLOGIQUE",2392914_2
"FIGURE 2 RARE PLANT, LICHEN AND ECOLOGICAL COMMUNITY OBSERVATIONS","FIGURE 2 PLANTE RARE, LICHEN ET OBSERVATIONS DE LA COMMUNAUTÉ ÉCOLOGIQUE",2392914_3
"FIGURE 2 RARE PLANT, LICHEN AND ECOLOGICAL COMMUNITY OBSERVATIONS","FIGURE 2 PLANTE RARE, LICHEN ET OBSERVATIONS DE LA COMMUNAUTÉ ÉCOLOGIQUE",2392914_4
"FIGURE 2 RARE PLANT, LICHEN AND ECOLOGICAL COMMUNITY OBSERVATIONS","FIGURE 2 PLANTE RARE, LICHEN ET OBSERVATIONS DE LA COMMUNAUTÉ ÉCOLOGIQUE",2392914_5
"FIGURE 2 RARE PLANT, LICHEN AND ECOLOGICAL COMMUNITY OBSERVATIONS","FIGURE 2 PLANTE RARE, LICHEN ET OBSERVATIONS DE LA COMMUNAUTÉ ÉCOLOGIQUE",2385503_1
"FIGURE 2 RARE PLANT, LICHEN AND ECOLOGICAL COMMUNITY OBSERVATIONS","FIGURE 2 PLANTE RARE, LICHEN ET OBSERVATIONS DE LA COMMUNAUTÉ ÉCOLOGIQUE",2385503_2
"FIGURE 2 RARE PLANT, LICHEN AND ECOLOGICAL COMMUNITY OBSERVATIONS","FIGURE 2 PLANTE RARE, LICHEN ET OBSERVATIONS DE LA COMMUNAUTÉ ÉCOLOGIQUE",2385503_3
"FIGURE 2 RARE PLANT, LICHEN AND ECOLOGICAL COMMUNITY OBSERVATIONS","FIGURE 2 PLANTE RARE, LICHEN ET OBSERVATIONS DE LA COMMUNAUTÉ ÉCOLOGIQUE",2385503_4
"FIGURE 2 RARE PLANT, LICHEN AND ECOLOGICAL COMMUNITY OBSERVATIONS","FIGURE 2 PLANTE RARE, LICHEN ET OBSERVATIONS DE LA COMMUNAUTÉ ÉCOLOGIQUE",2385503_5
"FIGURE 2 RARE PLANT, LICHEN AND ECOLOGICAL COMMUNITY OBSERVATIONS","FIGURE 2 PLANTE RARE, LICHEN ET OBSERVATIONS DE LA COMMUNAUTÉ ÉCOLOGIQUE",2392814_1
"FIGURE 2 RARE PLANT, LICHEN AND ECOLOGICAL COMMUNITY OBSERVATIONS","FIGURE 2 PLANTE RARE, LICHEN ET OBSERVATIONS DE LA COMMUNAUTÉ ÉCOLOGIQUE",2392814_2
"FIGURE 2 RARE PLANT, LICHEN AND ECOLOGICAL COMMUNITY OBSERVATIONS","FIGURE 2 PLANTE RARE, LICHEN ET OBSERVATIONS DE LA COMMUNAUTÉ ÉCOLOGIQUE",2392814_3
"FIGURE 2 RARE PLANT, LICHEN AND ECOLOGICAL COMMUNITY OBSERVATIONS","FIGURE 2 PLANTE RARE, LICHEN ET OBSERVATIONS DE LA COMMUNAUTÉ ÉCOLOGIQUE",2392814_4
"FIGURE 2 RARE PLANT, LICHEN AND ECOLOGICAL COMMUNITY OBSERVATIONS","FIGURE 2 PLANTE RARE, LICHEN ET OBSERVATIONS DE LA COMMUNAUTÉ ÉCOLOGIQUE",2392814_5
"FIGURE 2 RARE PLANT, LICHEN AND ECOLOGICAL COMMUNITY OBSERVATIONS","FIGURE 2 PLANTE RARE, LICHEN ET OBSERVATIONS DE LA COMMUNAUTÉ ÉCOLOGIQUE",2392915_1
"FIGURE 2 RARE PLANT, LICHEN AND ECOLOGICAL COMMUNITY OBSERVATIONS","FIGURE 2 PLANTE RARE, LICHEN ET OBSERVATIONS DE LA COMMUNAUTÉ ÉCOLOGIQUE",2392915_2
"FIGURE 2 RARE PLANT, LICHEN AND ECOLOGICAL COMMUNITY OBSERVATIONS","FIGURE 2 PLANTE RARE, LICHEN ET OBSERVATIONS DE LA COMMUNAUTÉ ÉCOLOGIQUE",2392915_3
"FIGURE 2 RARE PLANT, LICHEN AND ECOLOGICAL COMMUNITY OBSERVATIONS","FIGURE 2 PLANTE RARE, LICHEN ET OBSERVATIONS DE LA COMMUNAUTÉ ÉCOLOGIQUE",2392915_4
"FIGURE 2 RARE PLANT, LICHEN AND ECOLOGICAL COMMUNITY OBSERVATIONS","FIGURE 2 PLANTE RARE, LICHEN ET OBSERVATIONS DE LA COMMUNAUTÉ ÉCOLOGIQUE",2392915_5
"FIGURE 2 RARE PLANT, LICHEN AND ECOLOGICAL COMMUNITY OBSERVATIONS","FIGURE 2 PLANTE RARE, LICHEN ET OBSERVATIONS DE LA COMMUNAUTÉ ÉCOLOGIQUE",2393302_1
"FIGURE 2 RARE PLANT, LICHEN AND ECOLOGICAL COMMUNITY OBSERVATIONS","FIGURE 2 PLANTE RARE, LICHEN ET OBSERVATIONS DE LA COMMUNAUTÉ ÉCOLOGIQUE",2393302_2
"FIGURE 2 RARE PLANT, LICHEN AND ECOLOGICAL COMMUNITY OBSERVATIONS","FIGURE 2 PLANTE RARE, LICHEN ET OBSERVATIONS DE LA COMMUNAUTÉ ÉCOLOGIQUE",2393302_3
"FIGURE 2 RARE PLANT, LICHEN AND ECOLOGICAL COMMUNITY OBSERVATIONS","FIGURE 2 PLANTE RARE, LICHEN ET OBSERVATIONS DE LA COMMUNAUTÉ ÉCOLOGIQUE",2393302_4
"FIGURE 2 RARE PLANT, LICHEN AND ECOLOGICAL COMMUNITY OBSERVATIONS","FIGURE 2 PLANTE RARE, LICHEN ET OBSERVATIONS DE LA COMMUNAUTÉ ÉCOLOGIQUE",2393302_5
"FIGURE 2 RARE PLANT, LICHEN AND ECOLOGICAL COMMUNITY OBSERVATIONS","FIGURE 2 PLANTE RARE, LICHEN ET OBSERVATIONS DE LA COMMUNAUTÉ ÉCOLOGIQUE",2392916_1
"FIGURE 2 RARE PLANT, LICHEN AND ECOLOGICAL COMMUNITY OBSERVATIONS","FIGURE 2 PLANTE RARE, LICHEN ET OBSERVATIONS DE LA COMMUNAUTÉ ÉCOLOGIQUE",2392916_2
"FIGURE 2 RARE PLANT, LICHEN AND ECOLOGICAL COMMUNITY OBSERVATIONS","FIGURE 2 PLANTE RARE, LICHEN ET OBSERVATIONS DE LA COMMUNAUTÉ ÉCOLOGIQUE",2392916_3
"FIGURE 2 RARE PLANT, LICHEN AND ECOLOGICAL COMMUNITY OBSERVATIONS","FIGURE 2 PLANTE RARE, LICHEN ET OBSERVATIONS DE LA COMMUNAUTÉ ÉCOLOGIQUE",2392916_4
"FIGURE 2 RARE PLANT, LICHEN AND ECOLOGICAL COMMUNITY OBSERVATIONS","FIGURE 2 PLANTE RARE, LICHEN ET OBSERVATIONS DE LA COMMUNAUTÉ ÉCOLOGIQUE",2392916_5
"FIGURE 2 RARE PLANT, LICHEN AND ECOLOGICAL COMMUNITY OBSERVATIONS","FIGURE 2 PLANTE RARE, LICHEN ET OBSERVATIONS DE LA COMMUNAUTÉ ÉCOLOGIQUE",2392917_1
"FIGURE 2 RARE PLANT, LICHEN AND ECOLOGICAL COMMUNITY OBSERVATIONS","FIGURE 2 PLANTE RARE, LICHEN ET OBSERVATIONS DE LA COMMUNAUTÉ ÉCOLOGIQUE",2392917_2
"FIGURE 2 RARE PLANT, LICHEN AND ECOLOGICAL COMMUNITY OBSERVATIONS","FIGURE 2 PLANTE RARE, LICHEN ET OBSERVATIONS DE LA COMMUNAUTÉ ÉCOLOGIQUE",2392917_3
"FIGURE 2 RARE PLANT, LICHEN AND ECOLOGICAL COMMUNITY OBSERVATIONS","FIGURE 2 PLANTE RARE, LICHEN ET OBSERVATIONS DE LA COMMUNAUTÉ ÉCOLOGIQUE",2392917_4
"FIGURE 2 RARE PLANT, LICHEN AND ECOLOGICAL COMMUNITY OBSERVATIONS","FIGURE 2 PLANTE RARE, LICHEN ET OBSERVATIONS DE LA COMMUNAUTÉ ÉCOLOGIQUE",2392917_5
"FIGURE 2 RARE PLANT, LICHEN AND ECOLOGICAL COMMUNITY OBSERVATIONS","FIGURE 2 PLANTE RARE, LICHEN ET OBSERVATIONS DE LA COMMUNAUTÉ ÉCOLOGIQUE",2393303_1
"FIGURE 2 RARE PLANT, LICHEN AND ECOLOGICAL COMMUNITY OBSERVATIONS","FIGURE 2 PLANTE RARE, LICHEN ET OBSERVATIONS DE LA COMMUNAUTÉ ÉCOLOGIQUE",2393303_2
"FIGURE 2 RARE PLANT, LICHEN AND ECOLOGICAL COMMUNITY OBSERVATIONS","FIGURE 2 PLANTE RARE, LICHEN ET OBSERVATIONS DE LA COMMUNAUTÉ ÉCOLOGIQUE",2393303_3
"FIGURE 2 RARE PLANT, LICHEN AND ECOLOGICAL COMMUNITY OBSERVATIONS","FIGURE 2 PLANTE RARE, LICHEN ET OBSERVATIONS DE LA COMMUNAUTÉ ÉCOLOGIQUE",2393303_4
"FIGURE 2 RARE PLANT, LICHEN AND ECOLOGICAL COMMUNITY OBSERVATIONS","FIGURE 2 PLANTE RARE, LICHEN ET OBSERVATIONS DE LA COMMUNAUTÉ ÉCOLOGIQUE",2393303_5
"FIGURE 2 RARE PLANT, LICHEN AND ECOLOGICAL COMMUNITY OBSERVATIONS","FIGURE 2 PLANTE RARE, LICHEN ET OBSERVATIONS DE LA COMMUNAUTÉ ÉCOLOGIQUE",2385504_1
"FIGURE 2 RARE PLANT, LICHEN AND ECOLOGICAL COMMUNITY OBSERVATIONS","FIGURE 2 PLANTE RARE, LICHEN ET OBSERVATIONS DE LA COMMUNAUTÉ ÉCOLOGIQUE",2385504_2
"FIGURE 2 RARE PLANT, LICHEN AND ECOLOGICAL COMMUNITY OBSERVATIONS","FIGURE 2 PLANTE RARE, LICHEN ET OBSERVATIONS DE LA COMMUNAUTÉ ÉCOLOGIQUE",2385504_3
"FIGURE 2 RARE PLANT, LICHEN AND ECOLOGICAL COMMUNITY OBSERVATIONS","FIGURE 2 PLANTE RARE, LICHEN ET OBSERVATIONS DE LA COMMUNAUTÉ ÉCOLOGIQUE",2385504_4
"FIGURE 2 RARE PLANT, LICHEN AND ECOLOGICAL COMMUNITY OBSERVATIONS","FIGURE 2 PLANTE RARE, LICHEN ET OBSERVATIONS DE LA COMMUNAUTÉ ÉCOLOGIQUE",2385504_5
"FIGURE 2 RARE PLANT, LICHEN AND ECOLOGICAL COMMUNITY OBSERVATIONS","FIGURE 2 PLANTE RARE, LICHEN ET OBSERVATIONS DE LA COMMUNAUTÉ ÉCOLOGIQUE",2393395_1
"FIGURE 2 RARE PLANT, LICHEN AND ECOLOGICAL COMMUNITY OBSERVATIONS","FIGURE 2 PLANTE RARE, LICHEN ET OBSERVATIONS DE LA COMMUNAUTÉ ÉCOLOGIQUE",2393395_2
"FIGURE 2 RARE PLANT, LICHEN AND ECOLOGICAL COMMUNITY OBSERVATIONS","FIGURE 2 PLANTE RARE, LICHEN ET OBSERVATIONS DE LA COMMUNAUTÉ ÉCOLOGIQUE",2393395_3
"FIGURE 2 RARE PLANT, LICHEN AND ECOLOGICAL COMMUNITY OBSERVATIONS","FIGURE 2 PLANTE RARE, LICHEN ET OBSERVATIONS DE LA COMMUNAUTÉ ÉCOLOGIQUE",2393395_4
"FIGURE 2 RARE PLANT, LICHEN AND ECOLOGICAL COMMUNITY OBSERVATIONS","FIGURE 2 PLANTE RARE, LICHEN ET OBSERVATIONS DE LA COMMUNAUTÉ ÉCOLOGIQUE",2393395_5
"FIGURE 2 RARE PLANT, LICHEN AND ECOLOGICAL COMMUNITY OBSERVATIONS","FIGURE 2 PLANTE RARE, LICHEN ET OBSERVATIONS DE LA COMMUNAUTÉ ÉCOLOGIQUE",2393095_1
"FIGURE 2 RARE PLANT, LICHEN AND ECOLOGICAL COMMUNITY OBSERVATIONS","FIGURE 2 PLANTE RARE, LICHEN ET OBSERVATIONS DE LA COMMUNAUTÉ ÉCOLOGIQUE",2393095_2
"FIGURE 2 RARE PLANT, LICHEN AND ECOLOGICAL COMMUNITY OBSERVATIONS","FIGURE 2 PLANTE RARE, LICHEN ET OBSERVATIONS DE LA COMMUNAUTÉ ÉCOLOGIQUE",2393095_3
"FIGURE 2 RARE PLANT, LICHEN AND ECOLOGICAL COMMUNITY OBSERVATIONS","FIGURE 2 PLANTE RARE, LICHEN ET OBSERVATIONS DE LA COMMUNAUTÉ ÉCOLOGIQUE",2393095_4
"FIGURE 2 RARE PLANT, LICHEN AND ECOLOGICAL COMMUNITY OBSERVATIONS","FIGURE 2 PLANTE RARE, LICHEN ET OBSERVATIONS DE LA COMMUNAUTÉ ÉCOLOGIQUE",2393095_5
"FIGURE 2 RARE PLANT, LICHEN AND ECOLOGICAL COMMUNITY OBSERVATIONS","FIGURE 2 PLANTE RARE, LICHEN ET OBSERVATIONS DE LA COMMUNAUTÉ ÉCOLOGIQUE",2385505_1
"FIGURE 2 RARE PLANT, LICHEN AND ECOLOGICAL COMMUNITY OBSERVATIONS","FIGURE 2 PLANTE RARE, LICHEN ET OBSERVATIONS DE LA COMMUNAUTÉ ÉCOLOGIQUE",2385505_2
"FIGURE 2 RARE PLANT, LICHEN AND ECOLOGICAL COMMUNITY OBSERVATIONS","FIGURE 2 PLANTE RARE, LICHEN ET OBSERVATIONS DE LA COMMUNAUTÉ ÉCOLOGIQUE",2385505_3
"FIGURE 2 RARE PLANT, LICHEN AND ECOLOGICAL COMMUNITY OBSERVATIONS","FIGURE 2 PLANTE RARE, LICHEN ET OBSERVATIONS DE LA COMMUNAUTÉ ÉCOLOGIQUE",2385505_4
"FIGURE 2 RARE PLANT, LICHEN AND ECOLOGICAL COMMUNITY OBSERVATIONS","FIGURE 2 PLANTE RARE, LICHEN ET OBSERVATIONS DE LA COMMUNAUTÉ ÉCOLOGIQUE",2385505_5
"FIGURE 2 RARE PLANT, LICHEN AND ECOLOGICAL COMMUNITY OBSERVATIONS","FIGURE 2 PLANTE RARE, LICHEN ET OBSERVATIONS DE LA COMMUNAUTÉ ÉCOLOGIQUE",2393304_1
"FIGURE 2 RARE PLANT, LICHEN AND ECOLOGICAL COMMUNITY OBSERVATIONS","FIGURE 2 PLANTE RARE, LICHEN ET OBSERVATIONS DE LA COMMUNAUTÉ ÉCOLOGIQUE",2393304_2
"FIGURE 2 RARE PLANT, LICHEN AND ECOLOGICAL COMMUNITY OBSERVATIONS","FIGURE 2 PLANTE RARE, LICHEN ET OBSERVATIONS DE LA COMMUNAUTÉ ÉCOLOGIQUE",2393304_3
"FIGURE 2 RARE PLANT, LICHEN AND ECOLOGICAL COMMUNITY OBSERVATIONS","FIGURE 2 PLANTE RARE, LICHEN ET OBSERVATIONS DE LA COMMUNAUTÉ ÉCOLOGIQUE",2393304_4
"FIGURE 2 RARE PLANT, LICHEN AND ECOLOGICAL COMMUNITY OBSERVATIONS","FIGURE 2 PLANTE RARE, LICHEN ET OBSERVATIONS DE LA COMMUNAUTÉ ÉCOLOGIQUE",2393304_5
"FIGURE 2 RARE PLANT, LICHEN AND ECOLOGICAL COMMUNITY OBSERVATIONS","FIGURE 2 PLANTE RARE, LICHEN ET OBSERVATIONS DE LA COMMUNAUTÉ ÉCOLOGIQUE",2393396_1
"FIGURE 2 RARE PLANT, LICHEN AND ECOLOGICAL COMMUNITY OBSERVATIONS","FIGURE 2 PLANTE RARE, LICHEN ET OBSERVATIONS DE LA COMMUNAUTÉ ÉCOLOGIQUE",2393396_2
"FIGURE 2 RARE PLANT, LICHEN AND ECOLOGICAL COMMUNITY OBSERVATIONS","FIGURE 2 PLANTE RARE, LICHEN ET OBSERVATIONS DE LA COMMUNAUTÉ ÉCOLOGIQUE",2393396_3
Figure 5-3 Well Completion Depths in the RAA and LAA  ,Figure 5-3 Profondeurs de complétion du puits dans la ZÉR et la ZEL  ,2968028_8
Figure 5-4 Well-Use Categories for the LAA ,Figure 5-4 Catégories d’utilisation des puits pour la ZLE ,2968028_9
Figure 5-5 Depth to Groundwater in Wells Less than 30 m deep for the LAA ,Figure 5-5 Profondeur de la nappe phréatique dans les puits de moins de 30 m de profondeur pour la ZLE ,2968028_10
FIGURE NO  / FIGURE NO.2A-1Zone d'intérêt /Area of Interest,FIGURE NO / FIGURE NO 2A-1 Zone d’intérêt / Area of interest,2967844_49
FIGURE NO  / FIGURE NO.2A-3Zone d'intérêt /Area of Interest,FIGURE NO / FIGURE NO 2A-3 Zone d’intérêt / Area of interest,2967844_51
FIGURE NO  / FIGURE NO.2A-5Zone d'intérêt /Area of Interest,FIGURE NO / FIGURE NO 2A-5 Zone d’intérêt / Area of interest,2967844_53
FIGURE NO  / FIGURE NO.2A-15Zone d'intérêt  / Area of Interest,FIGURE NO / FIGURE NO 2A-15 Zone d’intérêt / Area of interest,2968419_9
FIGURE NO  / FIGURE NO.2A-19Zone d'intérêt /Area of Interest,FIGURE NO / FIGURE NO 2A-19 Zone d’intérêt / Area of interest,2967745_1
FIGURE NO  / FIGURE NO.2A-22Zone d'intérêt  / Area of Interest,FIGURE NO / FIGURE NO 2A-22 Zone d’intérêt / Area of interest,2967745_4
FIGURE NO  / FIGURE NO.2A-24Zone d'intérêt /Area of Interest,FIGURE NO / FIGURE NO 2A-24 Zone d’intérêt / Area of interest,2967745_6
FIGURE NO  / FIGURE NO.2A-26Zone d'intérêt /Area of Interest,FIGURE NO / FIGURE NO 2A-26 Zone d’intérêt / Area of interest,2967745_8
FIGURE NO  / FIGURE NO.2A-27Zone d'intérêt /Area of Interest,FIGURE NO / FIGURE NO 2A-27 Zone d’intérêt / Area of interest,2967745_9
FIGURE NO  / FIGURE NO.2A-28Zone d'intérêt /Area of Interest,FIGURE NO / FIGURE NO 2A-28 Zone d’intérêt / Area of interest,2967745_10
FIGURE NO  / FIGURE NO.2A-29Zone d'intérêt  / Area of Interest,FIGURE NO / FIGURE NO 2A-29 Zone d’intérêt / Area of interest,2967745_11
FIGURE NO  / FIGURE NO.2A-31Zone d'intérêt /Area of Interest,FIGURE NO / FIGURE NO 2A-1 Zone d’intérêt / Area of interest,2967745_13
FIGURE NO  / FIGURE NO.2A-33Zone d'intérêt /Area of Interest,FIGURE NO / FIGURE NO 2A-33 Zone d’intérêt / Area of interest,2968140_1
FIGURE NO  / FIGURE NO.2A-35Zone d'intérêt /Area of Interest,FIGURE NO / FIGURE NO 2A-35 Zone d’intérêt / Area of interest,2968140_3
FIGURE NO  / FIGURE NO.2A-36Zone d'intérêt  / Area of Interest,FIGURE NO / FIGURE NO 2A-36 Zone d’intérêt / Area of interest,2968140_4
FIGURE NO  / FIGURE NO.2A-38Zone d'intérêt /Area of Interest,FIGURE NO / FIGURE NO 2A-38 Zone d’intérêt / Area of interest,2968140_6
FIGURE NO  / FIGURE NO.2A-40Zone d'intérêt /Area of Interest,FIGURE NO / FIGURE NO 2A-40 Zone d’intérêt / Area of interest,2968140_8
FIGURE NO  / FIGURE NO.2A-42Zone d'intérêt /Area of Interest,FIGURE NO / FIGURE NO 2A-42 Zone d’intérêt / Area of interest,2968140_10
FIGURE NO  / FIGURE NO.2A-43Zone d'intérêt  / Area of Interest,FIGURE NO / FIGURE NO 2A-43 Zone d’intérêt / Area of interest,2968140_11
FIGURE NO  / FIGURE NO.2A-45Zone d'intérêt /Area of Interest,FIGURE NO / FIGURE NO 2A-45 Zone d’intérêt / Area of interest,2968140_13
FIGURE NO  / FIGURE NO.2A-47Zone d'intérêt /Area of Interest,FIGURE NO / FIGURE NO 2A-47 Zone d’intérêt / Area of interest,2968140_15
FIGURE NO  / FIGURE NO.2A-48Zone d'intérêt /Area of Interest,FIGURE NO / FIGURE NO 2A-48 Zone d’intérêt / Area of interest,2968140_16
FIGURE NO  / FIGURE NO.2A-49Zone d'intérêt /Area of Interest,FIGURE NO / FIGURE NO 2A-49 Zone d’intérêt / Area of interest,2968140_17
FIGURE NO  / FIGURE NO.2A-50Zone d'intérêt /Area of Interest,FIGURE NO / FIGURE NO 2A-50 Zone d’intérêt / Area of interest,2968140_18
FIGURE NO  / FIGURE NO.2A-52Zone d'intérêt /Area of Interest,FIGURE NO / FIGURE NO 2A-52 Zone d’intérêt / Area of interest,2968140_20
FIGURE NO  / FIGURE NO.2A-54Zone d'intérêt /Area of Interest,FIGURE NO / FIGURE NO 2A-54 Zone d’intérêt / Area of interest,2968140_22
FIGURE NO  / FIGURE NO.2A-55Zone d'intérêt /Area of Interest,FIGURE NO / FIGURE NO 2A-55 Zone d’intérêt / Area of interest,2968140_23
FIGURE NO  / FIGURE NO.2A-56Zone d'intérêt /Area of Interest,FIGURE NO / FIGURE NO 2A-56 Zone d’intérêt / Area of interest,2968140_24
Figure 5-1 Water Well Completion Depths in the RAA and LAA – Ontario East Segment ,Figure 5-1 Profondeurs de complétion d’un puits d’eau dans la ZÉR et la ZEL – Tronçon Est de l’Ontario ,2968036_7
Figure 5-2 Water Well Use within the LAA – Ontario East Segment ,Figure 5-2 Utilisation des puits d’eau dans la ZEL – Tronçon de l’Est de l’Ontario ,2968036_8
Figure 5-3 Depth to Groundwater in Wells Less than 30 m Deep within the LAA ,Figure 5-3 Profondeur de la nappe phréatique dans les puits de moins de 30 m de profondeur dans la ZLE ,2968036_9
FIGURE NO.  / FIGURE NO.7-1Secteur d'intérêt / Area ofInterest,FIGURE NO / FIGURE NO 7.1 Zone d’intérêt / Area of interest,2968038_9
Photograph 10-1 Baseline Landscape of the Proposed Hardisty D Tank Terminal   ,Photo 10-1 Profil de référence du terminal de réservoirs Hardisty D proposé   ,2968150_5
Figure A.2-2 Land-Cover Classes in the CALMET Domain ,Figure A.2-2 Catégories de couverture terrestre dans le domaine CALMET ,2968356_55
FIGURE NO / FIGURE NO.A-3Area of Interest /Secteur d'intérêt,FIGURE NO / FIGURE NO.A-3 Zone d’intérêt / Area of Interest,2968464_39
FIGURE NO / FIGURE NO.A-4Area of Interest /Secteur d'intérêt,FIGURE NO / FIGURE NO A-4 Zone d’intérêt / Area of Interest,2968464_40
FIGURE NO / FIGURE NO.A-5Area of Interest /Secteur d'intérêt,FIGURE NO / FIGURE NO A-5 Zone d’intérêt / Area of Interest,2968464_41
FIGURE NO / FIGURE NO.A-6Area of Interest /Secteur d'intérêt,FIGURE NO / FIGURE NO.A-6 Zone d’intérêt / Area of Interest,2968464_42
FIGURE NO / FIGURE NO.A-7Area of Interest /Secteur d'intérêt,FIGURE NO / FIGURE NO A-7 Zone d’intérêt / Area of Interest,2968464_43
FIGURE NO / FIGURE NO.A-8Area of Interest /Secteur d'intérêt,FIGURE NO / FIGURE NO A-8 Zone d’intérêt / Area of Interest,2968464_44
FIGURE NO / FIGURE NO.A-9Area of Interest /Secteur d'intérêt,FIGURE NO / FIGURE NO.A-9 Zone d’intérêt / Area of Interest,2968464_45
FIGURE NO / FIGURE NO.A-10Area of Interest /Secteur d'intérêt,FIGURE NO / FIGURE NO A-10 Zone d’intérêt / Area of Interest,2968464_46
FIGURE NO / FIGURE NO.A-11Area of Interest /Secteur d'intérêt,FIGURE NO / FIGURE NO A-11 Zone d’intérêt / Area of Interest,2968464_47
FIGURE NO / FIGURE NO.A-12Area of Interest /Secteur d'intérêt,FIGURE NO / FIGURE NO.A-12 Zone d’intérêt / Area of Interest,2968464_48
FIGURE NO / FIGURE NO.A-13Area of Interest /Secteur d'intérêt,FIGURE NO / FIGURE NO A-13 Zone d’intérêt / Area of Interest,2968464_49
FIGURE NO / FIGURE NO.A-14Area of Interest /Secteur d'intérêt,FIGURE NO / FIGURE NO A-14 Zone d’intérêt / Area of Interest,2968464_50
FIGURE 1 SOILS MAP OF THE HARDISTY TERMINAL,FIGURE 1 CARTE DES SOLS DU TERMINAL HARDISTY,2545536_18
FIGURE 2 SOILS MAP OF THE METISKOW STATION,FIGURE 2 CARTE DES SOLS DE LA STATION METISKOW,2545536_21
FIGURE 3 SOILS MAP OF THE CACTUS LAKE STATION,FIGURE 3 CARTE DES SOLS DE LA STATION CACTUS LAKE,2545536_25
FIGURE 4 SOILS MAP OF THE KERROBERT STATION,FIGURE 4 CARTE DES SOLS DE LA STATION KERROBERT,2545536_29
FIGURE 5 SOILS MAP OF THE HERSCHEL STATION,FIGURE 5 CARTE DES SOLS DE LA STATION HERSCHEL,2545536_33
FIGURE 6 SOILS MAP OF THE MILDEN STATION,FIGURE 6 CARTE DES SOLS DE LA STATION MILDEN,2545536_37
FIGURE 7 SOILS MAP OF THE LOREBURN STATION,FIGURE 7 CARTE DES SOLS DE LA STATION LOREBURN,2545536_41
FIGURE 8 SOILS MAP OF THE CRAIK STATION,FIGURE 8 CARTE DES SOLS DE LA STATION CRAIK,2545536_47
FIGURE 9 SOILS MAP OF THE BETHUNE STATION,FIGURE 9 CARTE DES SOLS DE LA STATION BETHUNE,2545866_4
FIGURE 10 SOILS MAP OF THE ROWATT STATION,FIGURE 10 CARTE DES SOLS DE LA STATION ROWATT,2545866_8
FIGURE 11 SOILS MAP OF THE ODESSA STATION,FIGURE 11 CARTE DES SOLS DE LA STATION ODESSA,2545866_12
FIGURE 12 SOILS MAP OF THE GLENAVON STATION,FIGURE 12 CARTE DES SOLS DE LA STATION GLENAVON,2545866_14
FIGURE 13 SOILS MAP OF THE LANGBANK STATION,FIGURE 13 CARTE DES SOLS DE LA STATION LANGBANK,2545866_18
FIGURE 14 SOILS MAP OF THE CROMER TERMINAL,FIGURE 14 CARTE DES SOLS DU TERMINAL CROMER,2545866_21
FIGURE 15 SOILS MAP OF THE WEST SOURIS STATION,FIGURE 15 CARTE DES SOLS DE LA STATION WEST SOURIS,2545866_25
FIGURE 16 SOILS MAP OF THE GLENBORO STATION,FIGURE 16 CARTE DES SOLS DE LA STATION GLENBORO,2545866_28
FIGURE 17 SOILS MAP OF THE ST. LEON STATION,FIGURE 17 CARTE DES SOLS DE LA STATION ST. LEON,2545866_32
FIGURE 18 SOILS MAP OF THE GRETNA STATION,FIGURE 18 CARTE DES SOLS DE LA STATION GRETNA,2545866_36
FIGURE 3 SHEET 1 OF 35RARE PLANT AND RARE ECOLOGICAL ,FIGURE 3 FEUILLE 1 SUR 35 PLANTES RARES ET ESPÈCES ÉCOLOGIQUES RARES ,2545979_47
FIGURE 3SHEET 2 OF 35RARE PLANT AND RARE ECOLOGICAL ,FIGURE 3 FEUILLE 2 SUR 35 PLANTES RARES ET ESPÈCES ÉCOLOGIQUES RARES ,2545979_48
FIGURE 3SHEET 3 OF 35RARE PLANT AND RARE ECOLOGICAL ,FIGURE 3 FEUILLE 3 SUR 35 PLANTES RARES ET ESPÈCES ÉCOLOGIQUES RARES ,2545979_49
FIGURE 3SHEET 4 OF 35RARE PLANT AND RARE ECOLOGICAL ,FIGURE 3 FEUILLE 4 SUR 35 PLANTES RARES ET ESPÈCES ÉCOLOGIQUES RARES ,2545979_50
FIGURE 3SHEET 6 OF 35RARE PLANT AND RARE ECOLOGICAL ,FIGURE 3 FEUILLE 6 SUR 35 PLANTES RARES ET ESPÈCES ÉCOLOGIQUES RARES ,2545979_52
FIGURE 3SHEET 7 OF 35RARE PLANT AND RARE ECOLOGICAL ,FIGURE 3 FEUILLE 7 SUR 35 PLANTES RARES ET ESPÈCES ÉCOLOGIQUES RARES ,2545979_53
FIGURE 3SHEET 8 OF 35RARE PLANT AND RARE ECOLOGICAL ,FIGURE 3 FEUILLE 8 SUR 35 PLANTES RARES ET ESPÈCES ÉCOLOGIQUES RARES ,2545979_54
FIGURE 3SHEET 9 OF 35RARE PLANT AND RARE ECOLOGICAL ,FIGURE 3 FEUILLE 9 SUR 35 PLANTES RARES ET ESPÈCES ÉCOLOGIQUES RARES ,2545979_55
FIGURE 3SHEET 10 OF 35RARE PLANT AND RARE ECOLOGICAL ,FIGURE 3 FEUILLE 10 SUR 35 PLANTES RARES ET ESPÈCES ÉCOLOGIQUES RARES ,2545979_56
FIGURE 3SHEET 11 OF 35RARE PLANT AND RARE ECOLOGICAL ,FIGURE 3 FEUILLE 11 SUR 35 PLANTES RARES ET ESPÈCES ÉCOLOGIQUES RARES ,2545979_57
FIGURE 3SHEET 12 OF 35RARE PLANT AND RARE ECOLOGICAL ,FIGURE 3 FEUILLE 12 SUR 35 PLANTES RARES ET ESPÈCES ÉCOLOGIQUES RARES ,2545979_58
FIGURE 3SHEET 13 OF 35RARE PLANT AND RARE ECOLOGICAL ,FIGURE 3 FEUILLE 13 SUR 35 PLANTES RARES ET ESPÈCES ÉCOLOGIQUES RARES ,2545979_59
FIGURE 3SHEET 14 OF 35RARE PLANT AND RARE ECOLOGICAL ,FIGURE 3 FEUILLE 14 SUR 35 PLANTES RARES ET ESPÈCES ÉCOLOGIQUES RARES ,2545979_60
FIGURE 3SHEET 18 OF 35RARE PLANT AND RARE ECOLOGICAL ,FIGURE 3 FEUILLE 18 SUR 35 PLANTES RARES ET ESPÈCES ÉCOLOGIQUES RARES ,2545979_64
FIGURE 3SHEET 19 OF 35RARE PLANT AND RARE ECOLOGICAL ,FIGURE 3 FEUILLE 19 SUR 35 PLANTES RARES ET ESPÈCES ÉCOLOGIQUES RARES ,2545979_65
FIGURE 3SHEET 20 OF 35RARE PLANT AND RARE ECOLOGICAL ,FIGURE 3 FEUILLE 20 SUR 35 PLANTES RARES ET ESPÈCES ÉCOLOGIQUES RARES ,2545216_1
FIGURE 3SHEET 21 OF 35RARE PLANT AND RARE ECOLOGICAL ,FIGURE 3 FEUILLE 21 SUR 35 PLANTES RARES ET ESPÈCES ÉCOLOGIQUES RARES ,2545216_2
FIGURE 3SHEET 22 OF 35RARE PLANT AND RARE ECOLOGICAL ,FIGURE 3 FEUILLE 22 SUR 35 PLANTES RARES ET ESPÈCES ÉCOLOGIQUES RARES ,2545216_3
FIGURE 3SHEET 23 OF 35RARE PLANT AND RARE ECOLOGICAL ,FIGURE 3 FEUILLE 23 SUR 35 PLANTES RARES ET ESPÈCES ÉCOLOGIQUES RARES ,2545216_4
FIGURE 3SHEET 24 OF 35RARE PLANT AND RARE ECOLOGICAL ,FIGURE 3 FEUILLE 24 SUR 35 PLANTES RARES ET ESPÈCES ÉCOLOGIQUES RARES ,2545216_5
FIGURE 3SHEET 25 OF 35RARE PLANT AND RARE ECOLOGICAL ,FIGURE 3 FEUILLE 25 SUR 35 PLANTES RARES ET ESPÈCES ÉCOLOGIQUES RARES ,2545216_6
FIGURE 3SHEET 26 OF 35RARE PLANT AND RARE ECOLOGICAL ,FIGURE 3 FEUILLE 26 SUR 35 PLANTES RARES ET ESPÈCES ÉCOLOGIQUES RARES ,2545216_7
FIGURE 3SHEET 27 OF 35RARE PLANT AND RARE ECOLOGICAL ,FIGURE 3 FEUILLE 27 SUR 35 PLANTES RARES ET ESPÈCES ÉCOLOGIQUES RARES ,2545216_8
FIGURE 3SHEET 28 OF 35RARE PLANT AND RARE ECOLOGICAL ,FIGURE 3 FEUILLE 28 SUR 35 PLANTES RARES ET ESPÈCES ÉCOLOGIQUES RARES ,2545216_9
FIGURE 3SHEET 29 OF 35RARE PLANT AND RARE ECOLOGICAL ,FIGURE 3 FEUILLE 29 SUR 35 PLANTES RARES ET ESPÈCES ÉCOLOGIQUES RARES ,2545216_10
FIGURE 3SHEET 30 OF 35RARE PLANT AND RARE ECOLOGICAL ,FIGURE 3 FEUILLE 30 SUR 35 PLANTES RARES ET ESPÈCES ÉCOLOGIQUES RARES ,2545216_11
FIGURE 3SHEET 31 OF 35RARE PLANT AND RARE ECOLOGICAL ,FIGURE 3 FEUILLE 31 SUR 35 PLANTES RARES ET ESPÈCES ÉCOLOGIQUES RARES ,2545216_12
FIGURE 3SHEET 32 OF 35RARE PLANT AND RARE ECOLOGICAL ,FIGURE 3 FEUILLE 32 SUR 35 PLANTES RARES ET ESPÈCES ÉCOLOGIQUES RARES ,2545216_13
FIGURE 3SHEET 33 OF 35RARE PLANT AND RARE ECOLOGICAL ,FIGURE 3 FEUILLE 33 SUR 35 PLANTES RARES ET ESPÈCES ÉCOLOGIQUES RARES ,2545216_14
FIGURE 3SHEET 34 OF 35RARE PLANT AND RARE ECOLOGICAL ,FIGURE 3 FEUILLE 34 SUR 35 PLANTES RARES ET ESPÈCES ÉCOLOGIQUES RARES ,2545216_15
FIGURE 3SHEET 35 OF 35RARE PLANT AND RARE ECOLOGICAL ,FIGURE 3 FEUILLE 35 SUR 35 PLANTES RARES ET ESPÈCES ÉCOLOGIQUES RARES ,2545216_16
FIGURE 4-12011 AND 2014 SURVEY LOCATIONS,FIGURE 4 EMPLACEMENTS DES RELEVÉS EN 2011 ET 2014,2758830_30
Figure 7-1A Decision Flowchart for Implementing Caribou Habitat Restoration Measures Associated with Avoiding Disturbance and Re-Vegetation ,Figure 7-1A Diagramme de décision pour la mise en œuvre des mesures de rétablissement de l’habitat du caribou associées avec évitement des perturbations et revégétalisation ,3067092_53
Figure C-7 Comparison of Measured and Predicted Monthly Average Temperature at Pine River Hasler Station (2011–2013) ,Figure C-7 Comparaison des températures moyennes mensuelles mesurées et prévues à la station Pine River Hasler (2011-2013) ,3335553_6
Figure C-13 CALMET Predicted Mean Diurnal Mixing Heights at the Project site (2011–2013) ,Figure C-13 Hauteurs de mélange diurne moyenne prévue par CALMET sur le site du projet (2011-2013) ,3335553_13
Figure C-5  Comparison of Measured and Predicted Monthly Average Temperature at Hudson’s Hope Station (2011-2013) ,Figure C-5 Comparaison des températures moyennes mensuelles mesurées et prévues à la station Hudson’s Hope (2011-2013) ,3334566_117
Figure C-11  CALMET Predicted Mean Diurnal Mixing Heights at the Project site (2011-2013) ,Figure C-11 Hauteurs de mélange diurne moyenne prévue par CALMET sur le site du projet (2011-2013) ,3334566_124
Figure 3-1 Field Survey Transect Selection Process ,Figure 3-1 Processus de sélection du transect pour le relevé sur le terrain ,3340309_6
Figure 7.4.2 Ecologically and Biologically Significant Areas (EBSAs) ,Figure 7.4.2 Zones d’importance écologique et biologique ,3634042_66
Figure 12 Large Pelagics (excludes Bluefin Tuna) ,Figure 12 Gros poissons pélagiques (à l’exclusion du thon rouge de l’Atlantique) ,3634042_187
Figure 1 Migratory Bird Nesting Zones in Canada ,Figure 1 Zones de nidification des oiseaux migrateurs au Canada ,3762513_172
Figure 6. Baseline Case Modeled Night-time Noise Levels (Without ASL) ,Figure 6 Niveaux de bruit de nuit modélisés dans le scénario de référence (sans ASL) ,895021_28
Figure 7. Cumulative Case Modeled Night-time Noise Levels (Without ASL)  ,Figure 7 Niveaux de bruit de nuit modélisés dans le scénario cumulatif (sans ASL)  ,895021_29
Figure E.1  Problem Soil Handling Procedure Decision Chart ,Figure E.1 Tableau de décision sur la méthode de manutention des sols à l’origine de problèmes ,3974307_115
Figure E.1 Problem Soil Handling Procedure Decision Chart ,Figure E.1 Tableau de décision sur la méthode de manutention des sols à l’origine de problèmes ,3974307_233
Figure E.1  Problem Soil Handling Procedure Decision Chart ,Figure E.1 Tableau de décision sur la méthode de manutention des sols à l’origine de problèmes ,3974307_347
Figure 1 Migratory Bird Nesting Zones in Canada ,Figure 1 Zones de nidification des oiseaux migrateurs au Canada ,3969837_215
Figure E‐1  Problem Soil Handling Procedure Decision Chart ,Figure E‐1 Tableau de décision sur la méthode de manutention des sols à l’origine de problèmes ,3970827_83
